<?xml version="1.0" encoding="utf-8"?>
<!DOCTYPE install PUBLIC "-//Joomla! 2.5//DTD template 1.0//EN" "http://www.joomla.org/xml/dtd/2.5/template-install.dtd">

<extension version="2.5" type="template" client="site" method="upgrade">
	
	<name>Niagara</name><!-- name the template -->
	<creationDate>2013-10-19</creationDate><!-- the date your are beginn to code -->
	<author>Admin</author><!-- your name (oops, I repeat myself) -->
	<copyright>Copyright © Niagara niagara.kiev.ua</copyright><!-- for who you are coding -->
	<authorEmail>admin@niagara.kiev.ua</authorEmail><!-- your email address -->
	<authorUrl>http://www.niagara.kiev.ua</authorUrl><!-- your url -->
	<version>1.0.0</version><!-- give your template a number -->
	<description><![CDATA[
		<p>Created by <a href="http://www.niagara.kiev.ua" target="_blank">Admin | niagara.kiev.ua</a>.</p>
	]]></description><!-- change the description as you like -->
	
	<files><!-- no need to change -->
		<folder>css</folder>
		<folder>fonts</folder>
		<folder>html</folder>
		<folder>images</folder>
		<folder>js</folder>
		<folder>language</folder>
		<folder>less</folder>
		<folder>sass</folder>
		<filename>component.php</filename>
		<filename>error.php</filename>
		<filename>index.php</filename>
		<filename>logic.php</filename>
		<filename>offline.php</filename>
		<filename>template_preview.png</filename>
		<filename>template_thumbnail.png</filename>
		<filename>favicon.ico</filename>
		<filename>templateDetails.xml</filename>
	</files>
	
	<languages folder="language"><!-- no need to change -->
        <language tag="ru-RU">ru-RU/ru-RU.tpl_niagara.ini</language>
		<language tag="en-GB">en-GB/en-GB.tpl_niagara.ini</language>
	</languages>
	
	<positions><!-- define the positions for modules here -->
		<position>debug</position>
		<position>header</position>
		<position>footer</position>
		<position>content</position>
		<position>menu1</position>
		<position>menu2</position>
		<position>breadcrumbs</position>
	</positions>
	
	<config><!-- no need to change -->
		<fields name="params">

			<fieldset name="basic">

				<!-- MODERNIZR-->
				<field name="modernizr" type="radio" default="0" 
					label="TPL_FRONTEND_PARAMETER_MODERNIZR_LABEL" 
					description="TPL_FRONTEND_PARAMETER_MODERNIZR_DESC">
					<option value="0">JNO</option>
					<option value="1">JYES</option>
				</field>

				<!-- CSS METHOD -->
				<field name="cssmethod" type="radio" default="css" 
					label="TPL_FRONTEND_PARAMETER_CSSMETHOD_LABEL" 
					description="TPL_FRONTEND_PARAMETER_CSSMETHOD_DESC">
					<option value="css">CSS (default)</option>
					<option value="min">CSS (minified)</option>
					<option value="less">LESS</option>
					<option value="sass">SASS</option>
				</field>

				<!-- LESS.JS -->
				<field name="lessjs" type="radio" default="0" 
					label="TPL_FRONTEND_PARAMETER_LESSJS_LABEL" 
					description="TPL_FRONTEND_PARAMETER_LESSJS_DESC">
					<option value="0">JNO</option>
					<option value="1">JYES</option>
				</field>

				<!-- FOUNDATION -->
				<field name="foundation" type="radio" default="0" 
					label="TPL_FRONTEND_PARAMETER_FOUNDATION_LABEL" 
					description="TPL_FRONTEND_PARAMETER_FOUNDATION_DESC">
					<option value="0">JNO</option>
					<option value="1">JYES</option>
				</field>

				<!-- BOOTSTRAP -->
				<field name="bootstrap" type="radio" default="0" 
					label="TPL_FRONTEND_PARAMETER_BOOTSTRAP_LABEL" 
					description="TPL_FRONTEND_PARAMETER_BOOTSTRAP_DESC">
					<option value="0">JNO</option>
					<option value="1">JYES</option>
				</field>

				<!-- FONT-AWESOME -->
				<field name="fontawesome" type="radio" default="0" 
					label="TPL_FRONTEND_PARAMETER_FONTAWESOME_LABEL" 
					description="TPL_FRONTEND_PARAMETER_FONTAWESOME_DESC">
					<option value="0">JNO</option>
					<option value="1">JYES</option>
				</field>

				<!-- JQUERY -->
				<field name="jquery" type="radio" default="0" 
					label="TPL_FRONTEND_PARAMETER_JQUERY_LABEL" 
					description="TPL_FRONTEND_PARAMETER_JQUERY_DESC">
					<option value="0">JNO</option>
					<option value="1">JYES</option>
				</field>

				<!-- PIE-->
				<field name="pie" type="radio" default="0" 
					label="TPL_FRONTEND_PARAMETER_PIE_LABEL" 
					description="TPL_FRONTEND_PARAMETER_PIE_DESC">
					<option value="0">JNO</option>
					<option value="1">JYES</option>
				</field>

				<!-- GOOGLE FONT-->
                <field name="googlefont" type="text" default=""
                	label="TPL_FRONTEND_PARAMETER_GOOGLEFONT_LABEL"
                	description="TPL_FRONTEND_PARAMETER_GOOGLEFONT_DESC">
				</field>

			</fieldset>
			
			<fieldset name="advanced">

				<!-- Disable JavaScript -->	
				<field name="disablejs" type="radio" default="0" 
					label="TPL_FRONTEND_PARAMETER_DISABLEJS_LABEL" 
					description="TPL_FRONTEND_PARAMETER_DISABLEJS_DESC">
					<option value="0">JNO</option>
					<option value="1">JYES</option>
				</field>

				<!-- JavaScript Files -->
				<field name="fnjs" type="textarea" 
					label="TPL_FRONTEND_PARAMETER_FNJS_LABEL" 
					description="TPL_FRONTEND_PARAMETER_FNJS_LABEL" 
					cols="30" default="mootools-core.js,caption.js" rows="4" />

				<!-- Disable CSS -->
				<field name="disablecss" type="radio" default="0" 
					label="TPL_FRONTEND_PARAMETER_DISABLECSS_LABEL" 
					description="TPL_FRONTEND_PARAMETER_DISABLECSS_DESC">
					<option value="0">JNO</option>
					<option value="1">JYES</option>	
				</field>

				<!-- CSS Files -->
				<field name="fncss" type="textarea" 
					label="TPL_FRONTEND_PARAMETER_FNCSS_LABEL" 
					description="TPL_FRONTEND_PARAMETER_FNCSS_DESC" 
					cols="30" rows="4" />

			</fieldset>
		</fields>
	</config>
	
</extension>
